customer_id,campaign_name,campaign_date,send_channel,is_target_group,is_control_group,clicked
100004,Tech_Points_40_to_1_euro_2025Q4,2025-10-01,email,1,0,0
100008,Tech_Points_40_to_1_euro_2025Q4,2025-10-01,email,1,0,0
100010,Tech_Points_40_to_1_euro_2025Q4,2025-10-01,sms,1,0,0
100014,Tech_Points_40_to_1_euro_2025Q4,2025-10-01,email,1,0,0
100017,Tech_Points_40_to_1_euro_2025Q4,2025-10-01,in_app,1,0,0
100026,Tech_Points_40_to_1_euro_2025Q4,2025-10-01,in_app,1,0,1
100036,Tech_Points_40_to_1_euro_2025Q4,2025-10-01,sms,1,0,0
100037,Tech_Points_40_to_1_euro_2025Q4,2025-10-01,in_app,1,0,0
100040,Tech_Points_40_to_1_euro_2025Q4,2025-10-01,email,1,0,0
100044,Tech_Points_40_to_1_euro_2025Q4,2025-10-01,email,1,0,1
100050,Tech_Points_40_to_1_euro_2025Q4,2025-10-01,in_app,1,0,0
100051,Tech_Points_40_to_1_euro_2025Q4,2025-10-01,in_app,1,0,0
100056,Tech_Points_40_to_1_euro_2025Q4,2025-10-01,N/A_Control,0,1,0
100062,Tech_Points_40_to_1_euro_2025Q4,2025-10-01,email,1,0,0
100066,Tech_Points_40_to_1_euro_2025Q4,2025-10-01,in_app,1,0,0
100068,Tech_Points_40_to_1_euro_2025Q4,2025-10-01,N/A_Control,0,1,0
100071,Tech_Points_40_to_1_euro_2025Q4,2025-10-01,in_app,1,0,1
100074,Tech_Points_40_to_1_euro_2025Q4,2025-10-01,N/A_Control,0,1,0
100076,Tech_Points_40_to_1_euro_2025Q4,2025-10-01,N/A_Control,0,1,0
100087,Tech_Points_40_to_1_euro_2025Q4,2025-10-01,in_app,1,0,1
100089,Tech_Points_40_to_1_euro_2025Q4,2025-10-01,N/A_Control,0,1,0
100092,Tech_Points_40_to_1_euro_2025Q4,2025-10-01,in_app,1,0,0
100099,Tech_Points_40_to_1_euro_2025Q4,2025-10-01,sms,1,0,0
100103,Tech_Points_40_to_1_euro_2025Q4,2025-10-01,sms,1,0,0
100107,Tech_Points_40_to_1_euro_2025Q4,2025-10-01,email,1,0,0
100111,Tech_Points_40_to_1_euro_2025Q4,2025-10-01,N/A_Control,0,1,0
100115,Tech_Points_40_to_1_euro_2025Q4,2025-10-01,email,1,0,0
100118,Tech_Points_40_to_1_euro_2025Q4,2025-10-01,sms,1,0,1
100119,Tech_Points_40_to_1_euro_2025Q4,2025-10-01,in_app,1,0,0
100136,Tech_Points_40_to_1_euro_2025Q4,2025-10-01,email,1,0,0
100137,Tech_Points_40_to_1_euro_2025Q4,2025-10-01,in_app,1,0,0
100141,Tech_Points_40_to_1_euro_2025Q4,2025-10-01,sms,1,0,0
100147,Tech_Points_40_to_1_euro_2025Q4,2025-10-01,email,1,0,0
100149,Tech_Points_40_to_1_euro_2025Q4,2025-10-01,N/A_Control,0,1,0
100150,Tech_Points_40_to_1_euro_2025Q4,2025-10-01,email,1,0,0
100156,Tech_Points_40_to_1_euro_2025Q4,2025-10-01,email,1,0,0
100157,Tech_Points_40_to_1_euro_2025Q4,2025-10-01,email,1,0,1
100168,Tech_Points_40_to_1_euro_2025Q4,2025-10-01,in_app,1,0,0
100169,Tech_Points_40_to_1_euro_2025Q4,2025-10-01,in_app,1,0,0
100171,Tech_Points_40_to_1_euro_2025Q4,2025-10-01,email,1,0,0
100172,Tech_Points_40_to_1_euro_2025Q4,2025-10-01,in_app,1,0,1
100180,Tech_Points_40_to_1_euro_2025Q4,2025-10-01,in_app,1,0,0
100183,Tech_Points_40_to_1_euro_2025Q4,2025-10-01,email,1,0,0
100185,Tech_Points_40_to_1_euro_2025Q4,2025-10-01,N/A_Control,0,1,0
100186,Tech_Points_40_to_1_euro_2025Q4,2025-10-01,in_app,1,0,0
100191,Tech_Points_40_to_1_euro_2025Q4,2025-10-01,in_app,1,0,1
100195,Tech_Points_40_to_1_euro_2025Q4,2025-10-01,in_app,1,0,1
100196,Tech_Points_40_to_1_euro_2025Q4,2025-10-01,sms,1,0,0
100201,Tech_Points_40_to_1_euro_2025Q4,2025-10-01,N/A_Control,0,1,0
100210,Tech_Points_40_to_1_euro_2025Q4,2025-10-01,N/A_Control,0,0,0
100222,Tech_Points_40_to_1_euro_2025Q4,2025-10-01,email,1,0,1
100227,Tech_Points_40_to_1_euro_2025Q4,2025-10-01,sms,1,0,0
100230,Tech_Points_40_to_1_euro_2025Q4,2025-10-01,email,1,0,0
100240,Tech_Points_40_to_1_euro_2025Q4,2025-10-01,in_app,1,0,0
100241,Tech_Points_40_to_1_euro_2025Q4,2025-10-01,email,1,0,0
100242,Tech_Points_40_to_1_euro_2025Q4,2025-10-01,email,1,0,1
100243,Tech_Points_40_to_1_euro_2025Q4,2025-10-01,sms,1,0,0
100244,Tech_Points_40_to_1_euro_2025Q4,2025-10-01,sms,1,0,0
100245,Tech_Points_40_to_1_euro_2025Q4,2025-10-01,email,1,0,0
100247,Tech_Points_40_to_1_euro_2025Q4,2025-10-01,in_app,1,0,1
100249,Tech_Points_40_to_1_euro_2025Q4,2025-10-01,in_app,1,0,0
100257,Tech_Points_40_to_1_euro_2025Q4,2025-10-01,N/A_Control,0,1,0
100259,Tech_Points_40_to_1_euro_2025Q4,2025-10-01,in_app,1,0,0
100264,Tech_Points_40_to_1_euro_2025Q4,2025-10-01,sms,1,0,0
100265,Tech_Points_40_to_1_euro_2025Q4,2025-10-01,email,1,0,1
100266,Tech_Points_40_to_1_euro_2025Q4,2025-10-01,sms,1,0,0
100271,Tech_Points_40_to_1_euro_2025Q4,2025-10-01,in_app,1,0,0
100275,Tech_Points_40_to_1_euro_2025Q4,2025-10-01,email,1,0,1
100279,Tech_Points_40_to_1_euro_2025Q4,2025-10-01,in_app,1,0,0
100282,Tech_Points_40_to_1_euro_2025Q4,2025-10-01,email,1,0,1
100284,Tech_Points_40_to_1_euro_2025Q4,2025-10-01,in_app,1,0,0
100287,Tech_Points_40_to_1_euro_2025Q4,2025-10-01,email,1,0,1
100288,Tech_Points_40_to_1_euro_2025Q4,2025-10-01,sms,1,0,0
100291,Tech_Points_40_to_1_euro_2025Q4,2025-10-01,email,1,0,1
100292,Tech_Points_40_to_1_euro_2025Q4,2025-10-01,in_app,1,0,1
100294,Tech_Points_40_to_1_euro_2025Q4,2025-10-01,in_app,1,0,0
100295,Tech_Points_40_to_1_euro_2025Q4,2025-10-01,N/A_Control,0,1,0
100297,Tech_Points_40_to_1_euro_2025Q4,2025-10-01,in_app,1,0,0
100299,Tech_Points_40_to_1_euro_2025Q4,2025-10-01,in_app,1,0,0
100301,Tech_Points_40_to_1_euro_2025Q4,2025-10-01,sms,1,0,0
100310,Tech_Points_40_to_1_euro_2025Q4,2025-10-01,in_app,1,0,0
100313,Tech_Points_40_to_1_euro_2025Q4,2025-10-01,sms,1,0,0
100314,Tech_Points_40_to_1_euro_2025Q4,2025-10-01,N/A_Control,0,1,0
100315,Tech_Points_40_to_1_euro_2025Q4,2025-10-01,in_app,1,0,0
100316,Tech_Points_40_to_1_euro_2025Q4,2025-10-01,email,1,0,0
100324,Tech_Points_40_to_1_euro_2025Q4,2025-10-01,email,1,0,0
100327,Tech_Points_40_to_1_euro_2025Q4,2025-10-01,sms,1,0,1
100330,Tech_Points_40_to_1_euro_2025Q4,2025-10-01,sms,1,0,0
100331,Tech_Points_40_to_1_euro_2025Q4,2025-10-01,in_app,1,0,0
100335,Tech_Points_40_to_1_euro_2025Q4,2025-10-01,N/A_Control,0,1,0
100337,Tech_Points_40_to_1_euro_2025Q4,2025-10-01,in_app,1,0,1
100339,Tech_Points_40_to_1_euro_2025Q4,2025-10-01,email,1,0,0
100345,Tech_Points_40_to_1_euro_2025Q4,2025-10-01,email,1,0,0
100346,Tech_Points_40_to_1_euro_2025Q4,2025-10-01,in_app,1,0,0
100349,Tech_Points_40_to_1_euro_2025Q4,2025-10-01,email,1,0,0
100352,Tech_Points_40_to_1_euro_2025Q4,2025-10-01,in_app,1,0,0
100356,Tech_Points_40_to_1_euro_2025Q4,2025-10-01,email,1,0,0
100359,Tech_Points_40_to_1_euro_2025Q4,2025-10-01,sms,1,0,0
100368,Tech_Points_40_to_1_euro_2025Q4,2025-10-01,N/A_Control,0,1,0
100372,Tech_Points_40_to_1_euro_2025Q4,2025-10-01,sms,1,0,0
100381,Tech_Points_40_to_1_euro_2025Q4,2025-10-01,in_app,1,0,0
100385,Tech_Points_40_to_1_euro_2025Q4,2025-10-01,in_app,1,0,0
100395,Tech_Points_40_to_1_euro_2025Q4,2025-10-01,in_app,1,0,0
100400,Tech_Points_40_to_1_euro_2025Q4,2025-10-01,N/A_Control,0,0,0
100401,Tech_Points_40_to_1_euro_2025Q4,2025-10-01,N/A_Control,0,1,0
100413,Tech_Points_40_to_1_euro_2025Q4,2025-10-01,email,1,0,1
100422,Tech_Points_40_to_1_euro_2025Q4,2025-10-01,email,1,0,0
100427,Tech_Points_40_to_1_euro_2025Q4,2025-10-01,sms,1,0,0
100428,Tech_Points_40_to_1_euro_2025Q4,2025-10-01,sms,1,0,0
100429,Tech_Points_40_to_1_euro_2025Q4,2025-10-01,email,1,0,0
100430,Tech_Points_40_to_1_euro_2025Q4,2025-10-01,email,1,0,0
100432,Tech_Points_40_to_1_euro_2025Q4,2025-10-01,N/A_Control,0,1,0
100437,Tech_Points_40_to_1_euro_2025Q4,2025-10-01,N/A_Control,0,1,0
100439,Tech_Points_40_to_1_euro_2025Q4,2025-10-01,N/A_Control,0,1,0
100441,Tech_Points_40_to_1_euro_2025Q4,2025-10-01,N/A_Control,0,1,0
100444,Tech_Points_40_to_1_euro_2025Q4,2025-10-01,sms,1,0,0
100462,Tech_Points_40_to_1_euro_2025Q4,2025-10-01,in_app,1,0,0
100463,Tech_Points_40_to_1_euro_2025Q4,2025-10-01,email,1,0,0
100464,Tech_Points_40_to_1_euro_2025Q4,2025-10-01,N/A_Control,0,1,0
100474,Tech_Points_40_to_1_euro_2025Q4,2025-10-01,N/A_Control,0,1,0
100475,Tech_Points_40_to_1_euro_2025Q4,2025-10-01,N/A_Control,0,0,0
100482,Tech_Points_40_to_1_euro_2025Q4,2025-10-01,in_app,1,0,0
100483,Tech_Points_40_to_1_euro_2025Q4,2025-10-01,in_app,1,0,0
100484,Tech_Points_40_to_1_euro_2025Q4,2025-10-01,in_app,1,0,0
100485,Tech_Points_40_to_1_euro_2025Q4,2025-10-01,email,1,0,0
100487,Tech_Points_40_to_1_euro_2025Q4,2025-10-01,email,1,0,0
100488,Tech_Points_40_to_1_euro_2025Q4,2025-10-01,email,1,0,0
100491,Tech_Points_40_to_1_euro_2025Q4,2025-10-01,sms,1,0,0
100498,Tech_Points_40_to_1_euro_2025Q4,2025-10-01,in_app,1,0,0
100501,Tech_Points_40_to_1_euro_2025Q4,2025-10-01,email,1,0,0
100506,Tech_Points_40_to_1_euro_2025Q4,2025-10-01,N/A_Control,0,1,0
100508,Tech_Points_40_to_1_euro_2025Q4,2025-10-01,sms,1,0,1
100510,Tech_Points_40_to_1_euro_2025Q4,2025-10-01,email,1,0,1
100512,Tech_Points_40_to_1_euro_2025Q4,2025-10-01,email,1,0,1
100516,Tech_Points_40_to_1_euro_2025Q4,2025-10-01,N/A_Control,0,1,0
100517,Tech_Points_40_to_1_euro_2025Q4,2025-10-01,N/A_Control,0,1,0
100521,Tech_Points_40_to_1_euro_2025Q4,2025-10-01,sms,1,0,0
100522,Tech_Points_40_to_1_euro_2025Q4,2025-10-01,N/A_Control,0,1,0
100531,Tech_Points_40_to_1_euro_2025Q4,2025-10-01,email,1,0,0
100532,Tech_Points_40_to_1_euro_2025Q4,2025-10-01,sms,1,0,0
100535,Tech_Points_40_to_1_euro_2025Q4,2025-10-01,sms,1,0,0
100536,Tech_Points_40_to_1_euro_2025Q4,2025-10-01,N/A_Control,0,1,0
100539,Tech_Points_40_to_1_euro_2025Q4,2025-10-01,N/A_Control,0,0,0
100545,Tech_Points_40_to_1_euro_2025Q4,2025-10-01,N/A_Control,0,1,0
100546,Tech_Points_40_to_1_euro_2025Q4,2025-10-01,in_app,1,0,0
100551,Tech_Points_40_to_1_euro_2025Q4,2025-10-01,sms,1,0,1
100555,Tech_Points_40_to_1_euro_2025Q4,2025-10-01,sms,1,0,0
100564,Tech_Points_40_to_1_euro_2025Q4,2025-10-01,sms,1,0,0
100567,Tech_Points_40_to_1_euro_2025Q4,2025-10-01,sms,1,0,0
100587,Tech_Points_40_to_1_euro_2025Q4,2025-10-01,in_app,1,0,1
100588,Tech_Points_40_to_1_euro_2025Q4,2025-10-01,email,1,0,0
100590,Tech_Points_40_to_1_euro_2025Q4,2025-10-01,email,1,0,0
100591,Tech_Points_40_to_1_euro_2025Q4,2025-10-01,in_app,1,0,0
100600,Tech_Points_40_to_1_euro_2025Q4,2025-10-01,in_app,1,0,0
100614,Tech_Points_40_to_1_euro_2025Q4,2025-10-01,sms,1,0,1
100622,Tech_Points_40_to_1_euro_2025Q4,2025-10-01,in_app,1,0,0
100623,Tech_Points_40_to_1_euro_2025Q4,2025-10-01,email,1,0,1
100629,Tech_Points_40_to_1_euro_2025Q4,2025-10-01,sms,1,0,0
100631,Tech_Points_40_to_1_euro_2025Q4,2025-10-01,sms,1,0,0
100633,Tech_Points_40_to_1_euro_2025Q4,2025-10-01,in_app,1,0,0
100637,Tech_Points_40_to_1_euro_2025Q4,2025-10-01,N/A_Control,0,1,0
100640,Tech_Points_40_to_1_euro_2025Q4,2025-10-01,N/A_Control,0,1,0
100641,Tech_Points_40_to_1_euro_2025Q4,2025-10-01,sms,1,0,1
100646,Tech_Points_40_to_1_euro_2025Q4,2025-10-01,in_app,1,0,0
100651,Tech_Points_40_to_1_euro_2025Q4,2025-10-01,email,1,0,0
100666,Tech_Points_40_to_1_euro_2025Q4,2025-10-01,in_app,1,0,1
100676,Tech_Points_40_to_1_euro_2025Q4,2025-10-01,email,1,0,0
100686,Tech_Points_40_to_1_euro_2025Q4,2025-10-01,in_app,1,0,0
100693,Tech_Points_40_to_1_euro_2025Q4,2025-10-01,in_app,1,0,0
100697,Tech_Points_40_to_1_euro_2025Q4,2025-10-01,N/A_Control,0,1,0
100698,Tech_Points_40_to_1_euro_2025Q4,2025-10-01,email,1,0,0
100699,Tech_Points_40_to_1_euro_2025Q4,2025-10-01,in_app,1,0,0
100701,Tech_Points_40_to_1_euro_2025Q4,2025-10-01,email,1,0,0
100702,Tech_Points_40_to_1_euro_2025Q4,2025-10-01,email,1,0,0
100704,Tech_Points_40_to_1_euro_2025Q4,2025-10-01,in_app,1,0,0
100707,Tech_Points_40_to_1_euro_2025Q4,2025-10-01,in_app,1,0,0
100708,Tech_Points_40_to_1_euro_2025Q4,2025-10-01,email,1,0,0
100719,Tech_Points_40_to_1_euro_2025Q4,2025-10-01,N/A_Control,0,1,0
100721,Tech_Points_40_to_1_euro_2025Q4,2025-10-01,N/A_Control,0,0,0
100725,Tech_Points_40_to_1_euro_2025Q4,2025-10-01,sms,1,0,0
100727,Tech_Points_40_to_1_euro_2025Q4,2025-10-01,N/A_Control,0,1,0
100731,Tech_Points_40_to_1_euro_2025Q4,2025-10-01,sms,1,0,1
100732,Tech_Points_40_to_1_euro_2025Q4,2025-10-01,email,1,0,1
100733,Tech_Points_40_to_1_euro_2025Q4,2025-10-01,in_app,1,0,0
100741,Tech_Points_40_to_1_euro_2025Q4,2025-10-01,in_app,1,0,0
100743,Tech_Points_40_to_1_euro_2025Q4,2025-10-01,in_app,1,0,1
100748,Tech_Points_40_to_1_euro_2025Q4,2025-10-01,N/A_Control,0,1,0
100755,Tech_Points_40_to_1_euro_2025Q4,2025-10-01,in_app,1,0,0
100756,Tech_Points_40_to_1_euro_2025Q4,2025-10-01,N/A_Control,0,1,0
100760,Tech_Points_40_to_1_euro_2025Q4,2025-10-01,in_app,1,0,0
100767,Tech_Points_40_to_1_euro_2025Q4,2025-10-01,N/A_Control,0,1,0
100775,Tech_Points_40_to_1_euro_2025Q4,2025-10-01,in_app,1,0,0
100776,Tech_Points_40_to_1_euro_2025Q4,2025-10-01,sms,1,0,1
100779,Tech_Points_40_to_1_euro_2025Q4,2025-10-01,sms,1,0,0
100782,Tech_Points_40_to_1_euro_2025Q4,2025-10-01,email,1,0,0
100783,Tech_Points_40_to_1_euro_2025Q4,2025-10-01,email,1,0,0
100787,Tech_Points_40_to_1_euro_2025Q4,2025-10-01,N/A_Control,0,1,0
100788,Tech_Points_40_to_1_euro_2025Q4,2025-10-01,N/A_Control,0,1,0
100791,Tech_Points_40_to_1_euro_2025Q4,2025-10-01,sms,1,0,0
100795,Tech_Points_40_to_1_euro_2025Q4,2025-10-01,N/A_Control,0,1,0
100797,Tech_Points_40_to_1_euro_2025Q4,2025-10-01,in_app,1,0,0
100799,Tech_Points_40_to_1_euro_2025Q4,2025-10-01,email,1,0,1
100800,Tech_Points_40_to_1_euro_2025Q4,2025-10-01,in_app,1,0,0
100801,Tech_Points_40_to_1_euro_2025Q4,2025-10-01,sms,1,0,0
100802,Tech_Points_40_to_1_euro_2025Q4,2025-10-01,N/A_Control,0,1,0
100813,Tech_Points_40_to_1_euro_2025Q4,2025-10-01,email,1,0,1
100814,Tech_Points_40_to_1_euro_2025Q4,2025-10-01,email,1,0,0
100822,Tech_Points_40_to_1_euro_2025Q4,2025-10-01,email,1,0,0
100824,Tech_Points_40_to_1_euro_2025Q4,2025-10-01,in_app,1,0,0
100829,Tech_Points_40_to_1_euro_2025Q4,2025-10-01,N/A_Control,0,1,0
100834,Tech_Points_40_to_1_euro_2025Q4,2025-10-01,email,1,0,0
100838,Tech_Points_40_to_1_euro_2025Q4,2025-10-01,email,1,0,0
100842,Tech_Points_40_to_1_euro_2025Q4,2025-10-01,sms,1,0,1
100845,Tech_Points_40_to_1_euro_2025Q4,2025-10-01,N/A_Control,0,1,0
100853,Tech_Points_40_to_1_euro_2025Q4,2025-10-01,sms,1,0,0
100854,Tech_Points_40_to_1_euro_2025Q4,2025-10-01,in_app,1,0,1
100860,Tech_Points_40_to_1_euro_2025Q4,2025-10-01,email,1,0,1
100862,Tech_Points_40_to_1_euro_2025Q4,2025-10-01,in_app,1,0,1
100865,Tech_Points_40_to_1_euro_2025Q4,2025-10-01,sms,1,0,1
100867,Tech_Points_40_to_1_euro_2025Q4,2025-10-01,N/A_Control,0,1,0
100869,Tech_Points_40_to_1_euro_2025Q4,2025-10-01,email,1,0,0
100870,Tech_Points_40_to_1_euro_2025Q4,2025-10-01,email,1,0,0
100871,Tech_Points_40_to_1_euro_2025Q4,2025-10-01,N/A_Control,0,1,0
100872,Tech_Points_40_to_1_euro_2025Q4,2025-10-01,in_app,1,0,1
100875,Tech_Points_40_to_1_euro_2025Q4,2025-10-01,sms,1,0,0
100877,Tech_Points_40_to_1_euro_2025Q4,2025-10-01,email,1,0,0
100879,Tech_Points_40_to_1_euro_2025Q4,2025-10-01,in_app,1,0,1
100881,Tech_Points_40_to_1_euro_2025Q4,2025-10-01,in_app,1,0,0
100893,Tech_Points_40_to_1_euro_2025Q4,2025-10-01,email,1,0,0
100894,Tech_Points_40_to_1_euro_2025Q4,2025-10-01,email,1,0,1
100895,Tech_Points_40_to_1_euro_2025Q4,2025-10-01,in_app,1,0,1
100897,Tech_Points_40_to_1_euro_2025Q4,2025-10-01,N/A_Control,0,1,0
100898,Tech_Points_40_to_1_euro_2025Q4,2025-10-01,email,1,0,0
100899,Tech_Points_40_to_1_euro_2025Q4,2025-10-01,email,1,0,0
100905,Tech_Points_40_to_1_euro_2025Q4,2025-10-01,in_app,1,0,1
100906,Tech_Points_40_to_1_euro_2025Q4,2025-10-01,N/A_Control,0,1,0
100913,Tech_Points_40_to_1_euro_2025Q4,2025-10-01,in_app,1,0,0
100924,Tech_Points_40_to_1_euro_2025Q4,2025-10-01,N/A_Control,0,1,0
100925,Tech_Points_40_to_1_euro_2025Q4,2025-10-01,email,1,0,0
100930,Tech_Points_40_to_1_euro_2025Q4,2025-10-01,in_app,1,0,0
100940,Tech_Points_40_to_1_euro_2025Q4,2025-10-01,in_app,1,0,0
100946,Tech_Points_40_to_1_euro_2025Q4,2025-10-01,email,1,0,0
100947,Tech_Points_40_to_1_euro_2025Q4,2025-10-01,N/A_Control,0,1,0
100948,Tech_Points_40_to_1_euro_2025Q4,2025-10-01,email,1,0,0
100951,Tech_Points_40_to_1_euro_2025Q4,2025-10-01,sms,1,0,0
100956,Tech_Points_40_to_1_euro_2025Q4,2025-10-01,email,1,0,0
100958,Tech_Points_40_to_1_euro_2025Q4,2025-10-01,email,1,0,0
100959,Tech_Points_40_to_1_euro_2025Q4,2025-10-01,sms,1,0,1
100964,Tech_Points_40_to_1_euro_2025Q4,2025-10-01,in_app,1,0,0
100966,Tech_Points_40_to_1_euro_2025Q4,2025-10-01,in_app,1,0,0
100977,Tech_Points_40_to_1_euro_2025Q4,2025-10-01,sms,1,0,0
100980,Tech_Points_40_to_1_euro_2025Q4,2025-10-01,N/A_Control,0,1,0
100981,Tech_Points_40_to_1_euro_2025Q4,2025-10-01,in_app,1,0,0
100985,Tech_Points_40_to_1_euro_2025Q4,2025-10-01,N/A_Control,0,0,0
100987,Tech_Points_40_to_1_euro_2025Q4,2025-10-01,N/A_Control,0,1,0
100988,Tech_Points_40_to_1_euro_2025Q4,2025-10-01,sms,1,0,0
100989,Tech_Points_40_to_1_euro_2025Q4,2025-10-01,sms,1,0,0
100996,Tech_Points_40_to_1_euro_2025Q4,2025-10-01,in_app,1,0,0
100997,Tech_Points_40_to_1_euro_2025Q4,2025-10-01,sms,1,0,0
101007,Tech_Points_40_to_1_euro_2025Q4,2025-10-01,in_app,1,0,0
101011,Tech_Points_40_to_1_euro_2025Q4,2025-10-01,N/A_Control,0,1,0
101014,Tech_Points_40_to_1_euro_2025Q4,2025-10-01,N/A_Control,0,1,0
101019,Tech_Points_40_to_1_euro_2025Q4,2025-10-01,in_app,1,0,1
101021,Tech_Points_40_to_1_euro_2025Q4,2025-10-01,sms,1,0,0
101022,Tech_Points_40_to_1_euro_2025Q4,2025-10-01,sms,1,0,0
101024,Tech_Points_40_to_1_euro_2025Q4,2025-10-01,in_app,1,0,0
101025,Tech_Points_40_to_1_euro_2025Q4,2025-10-01,in_app,1,0,0
101028,Tech_Points_40_to_1_euro_2025Q4,2025-10-01,sms,1,0,0
101029,Tech_Points_40_to_1_euro_2025Q4,2025-10-01,in_app,1,0,0
101033,Tech_Points_40_to_1_euro_2025Q4,2025-10-01,email,1,0,0
101035,Tech_Points_40_to_1_euro_2025Q4,2025-10-01,N/A_Control,0,0,0
101039,Tech_Points_40_to_1_euro_2025Q4,2025-10-01,in_app,1,0,0
101044,Tech_Points_40_to_1_euro_2025Q4,2025-10-01,email,1,0,1
101047,Tech_Points_40_to_1_euro_2025Q4,2025-10-01,N/A_Control,0,1,0
101054,Tech_Points_40_to_1_euro_2025Q4,2025-10-01,email,1,0,0
101055,Tech_Points_40_to_1_euro_2025Q4,2025-10-01,email,1,0,0
101056,Tech_Points_40_to_1_euro_2025Q4,2025-10-01,sms,1,0,0
101061,Tech_Points_40_to_1_euro_2025Q4,2025-10-01,in_app,1,0,0
101062,Tech_Points_40_to_1_euro_2025Q4,2025-10-01,N/A_Control,0,1,0
101063,Tech_Points_40_to_1_euro_2025Q4,2025-10-01,sms,1,0,1
101071,Tech_Points_40_to_1_euro_2025Q4,2025-10-01,sms,1,0,0
101074,Tech_Points_40_to_1_euro_2025Q4,2025-10-01,sms,1,0,0
101075,Tech_Points_40_to_1_euro_2025Q4,2025-10-01,in_app,1,0,0
101079,Tech_Points_40_to_1_euro_2025Q4,2025-10-01,email,1,0,0
101081,Tech_Points_40_to_1_euro_2025Q4,2025-10-01,email,1,0,0
101086,Tech_Points_40_to_1_euro_2025Q4,2025-10-01,sms,1,0,0
101092,Tech_Points_40_to_1_euro_2025Q4,2025-10-01,in_app,1,0,1
101096,Tech_Points_40_to_1_euro_2025Q4,2025-10-01,sms,1,0,0
101098,Tech_Points_40_to_1_euro_2025Q4,2025-10-01,in_app,1,0,0
101099,Tech_Points_40_to_1_euro_2025Q4,2025-10-01,sms,1,0,0
101102,Tech_Points_40_to_1_euro_2025Q4,2025-10-01,N/A_Control,0,1,0
101103,Tech_Points_40_to_1_euro_2025Q4,2025-10-01,in_app,1,0,1
101104,Tech_Points_40_to_1_euro_2025Q4,2025-10-01,N/A_Control,0,1,0
101107,Tech_Points_40_to_1_euro_2025Q4,2025-10-01,sms,1,0,0
101109,Tech_Points_40_to_1_euro_2025Q4,2025-10-01,sms,1,0,0
101114,Tech_Points_40_to_1_euro_2025Q4,2025-10-01,N/A_Control,0,1,0
101116,Tech_Points_40_to_1_euro_2025Q4,2025-10-01,email,1,0,0
101123,Tech_Points_40_to_1_euro_2025Q4,2025-10-01,in_app,1,0,0
101127,Tech_Points_40_to_1_euro_2025Q4,2025-10-01,sms,1,0,0
101138,Tech_Points_40_to_1_euro_2025Q4,2025-10-01,in_app,1,0,1
101146,Tech_Points_40_to_1_euro_2025Q4,2025-10-01,email,1,0,1
101149,Tech_Points_40_to_1_euro_2025Q4,2025-10-01,email,1,0,0
101157,Tech_Points_40_to_1_euro_2025Q4,2025-10-01,sms,1,0,0
101162,Tech_Points_40_to_1_euro_2025Q4,2025-10-01,in_app,1,0,0
101166,Tech_Points_40_to_1_euro_2025Q4,2025-10-01,sms,1,0,1
101167,Tech_Points_40_to_1_euro_2025Q4,2025-10-01,in_app,1,0,1
101168,Tech_Points_40_to_1_euro_2025Q4,2025-10-01,in_app,1,0,1
101177,Tech_Points_40_to_1_euro_2025Q4,2025-10-01,in_app,1,0,0
101183,Tech_Points_40_to_1_euro_2025Q4,2025-10-01,N/A_Control,0,1,0
101184,Tech_Points_40_to_1_euro_2025Q4,2025-10-01,email,1,0,0
101188,Tech_Points_40_to_1_euro_2025Q4,2025-10-01,N/A_Control,0,1,0
101189,Tech_Points_40_to_1_euro_2025Q4,2025-10-01,N/A_Control,0,1,0
101191,Tech_Points_40_to_1_euro_2025Q4,2025-10-01,in_app,1,0,1
101198,Tech_Points_40_to_1_euro_2025Q4,2025-10-01,in_app,1,0,0
101202,Tech_Points_40_to_1_euro_2025Q4,2025-10-01,N/A_Control,0,1,0
101203,Tech_Points_40_to_1_euro_2025Q4,2025-10-01,email,1,0,1
101206,Tech_Points_40_to_1_euro_2025Q4,2025-10-01,sms,1,0,0
101211,Tech_Points_40_to_1_euro_2025Q4,2025-10-01,sms,1,0,1
101219,Tech_Points_40_to_1_euro_2025Q4,2025-10-01,N/A_Control,0,1,0
101225,Tech_Points_40_to_1_euro_2025Q4,2025-10-01,in_app,1,0,0
101231,Tech_Points_40_to_1_euro_2025Q4,2025-10-01,N/A_Control,0,0,0
101243,Tech_Points_40_to_1_euro_2025Q4,2025-10-01,email,1,0,0
101246,Tech_Points_40_to_1_euro_2025Q4,2025-10-01,N/A_Control,0,1,0
101251,Tech_Points_40_to_1_euro_2025Q4,2025-10-01,sms,1,0,0
101253,Tech_Points_40_to_1_euro_2025Q4,2025-10-01,N/A_Control,0,1,0
101254,Tech_Points_40_to_1_euro_2025Q4,2025-10-01,email,1,0,0
101257,Tech_Points_40_to_1_euro_2025Q4,2025-10-01,email,1,0,0
101261,Tech_Points_40_to_1_euro_2025Q4,2025-10-01,in_app,1,0,1
101262,Tech_Points_40_to_1_euro_2025Q4,2025-10-01,email,1,0,0
101264,Tech_Points_40_to_1_euro_2025Q4,2025-10-01,sms,1,0,0
101266,Tech_Points_40_to_1_euro_2025Q4,2025-10-01,in_app,1,0,1
101272,Tech_Points_40_to_1_euro_2025Q4,2025-10-01,sms,1,0,0
101273,Tech_Points_40_to_1_euro_2025Q4,2025-10-01,sms,1,0,0
101274,Tech_Points_40_to_1_euro_2025Q4,2025-10-01,email,1,0,0
101275,Tech_Points_40_to_1_euro_2025Q4,2025-10-01,N/A_Control,0,1,0
101278,Tech_Points_40_to_1_euro_2025Q4,2025-10-01,sms,1,0,0
101280,Tech_Points_40_to_1_euro_2025Q4,2025-10-01,sms,1,0,0
101286,Tech_Points_40_to_1_euro_2025Q4,2025-10-01,N/A_Control,0,1,0
101293,Tech_Points_40_to_1_euro_2025Q4,2025-10-01,in_app,1,0,0
101305,Tech_Points_40_to_1_euro_2025Q4,2025-10-01,N/A_Control,0,1,0
101311,Tech_Points_40_to_1_euro_2025Q4,2025-10-01,email,1,0,0
101314,Tech_Points_40_to_1_euro_2025Q4,2025-10-01,in_app,1,0,0
101318,Tech_Points_40_to_1_euro_2025Q4,2025-10-01,email,1,0,0
101319,Tech_Points_40_to_1_euro_2025Q4,2025-10-01,N/A_Control,0,1,0
101320,Tech_Points_40_to_1_euro_2025Q4,2025-10-01,in_app,1,0,0
101322,Tech_Points_40_to_1_euro_2025Q4,2025-10-01,sms,1,0,0
101326,Tech_Points_40_to_1_euro_2025Q4,2025-10-01,in_app,1,0,0
101327,Tech_Points_40_to_1_euro_2025Q4,2025-10-01,email,1,0,0
101332,Tech_Points_40_to_1_euro_2025Q4,2025-10-01,sms,1,0,0
101334,Tech_Points_40_to_1_euro_2025Q4,2025-10-01,in_app,1,0,0
101335,Tech_Points_40_to_1_euro_2025Q4,2025-10-01,N/A_Control,0,1,0
101336,Tech_Points_40_to_1_euro_2025Q4,2025-10-01,in_app,1,0,1
101339,Tech_Points_40_to_1_euro_2025Q4,2025-10-01,email,1,0,0
101350,Tech_Points_40_to_1_euro_2025Q4,2025-10-01,email,1,0,0
101352,Tech_Points_40_to_1_euro_2025Q4,2025-10-01,N/A_Control,0,1,0
101355,Tech_Points_40_to_1_euro_2025Q4,2025-10-01,N/A_Control,0,1,0
101360,Tech_Points_40_to_1_euro_2025Q4,2025-10-01,in_app,1,0,0
101367,Tech_Points_40_to_1_euro_2025Q4,2025-10-01,email,1,0,0
101371,Tech_Points_40_to_1_euro_2025Q4,2025-10-01,sms,1,0,1
101373,Tech_Points_40_to_1_euro_2025Q4,2025-10-01,email,1,0,0
101377,Tech_Points_40_to_1_euro_2025Q4,2025-10-01,sms,1,0,0
101381,Tech_Points_40_to_1_euro_2025Q4,2025-10-01,sms,1,0,0
101383,Tech_Points_40_to_1_euro_2025Q4,2025-10-01,email,1,0,0
101384,Tech_Points_40_to_1_euro_2025Q4,2025-10-01,in_app,1,0,0
101387,Tech_Points_40_to_1_euro_2025Q4,2025-10-01,N/A_Control,0,1,0
101388,Tech_Points_40_to_1_euro_2025Q4,2025-10-01,in_app,1,0,0
101391,Tech_Points_40_to_1_euro_2025Q4,2025-10-01,N/A_Control,0,1,0
101392,Tech_Points_40_to_1_euro_2025Q4,2025-10-01,email,1,0,0
101393,Tech_Points_40_to_1_euro_2025Q4,2025-10-01,sms,1,0,0
101400,Tech_Points_40_to_1_euro_2025Q4,2025-10-01,N/A_Control,0,1,0
101403,Tech_Points_40_to_1_euro_2025Q4,2025-10-01,N/A_Control,0,1,0
101404,Tech_Points_40_to_1_euro_2025Q4,2025-10-01,email,1,0,0
101407,Tech_Points_40_to_1_euro_2025Q4,2025-10-01,email,1,0,1
101408,Tech_Points_40_to_1_euro_2025Q4,2025-10-01,email,1,0,0
101409,Tech_Points_40_to_1_euro_2025Q4,2025-10-01,N/A_Control,0,1,0
101412,Tech_Points_40_to_1_euro_2025Q4,2025-10-01,N/A_Control,0,1,0
101417,Tech_Points_40_to_1_euro_2025Q4,2025-10-01,email,1,0,0
101418,Tech_Points_40_to_1_euro_2025Q4,2025-10-01,in_app,1,0,0
101419,Tech_Points_40_to_1_euro_2025Q4,2025-10-01,N/A_Control,0,1,0
101422,Tech_Points_40_to_1_euro_2025Q4,2025-10-01,N/A_Control,0,1,0
101423,Tech_Points_40_to_1_euro_2025Q4,2025-10-01,in_app,1,0,0
101427,Tech_Points_40_to_1_euro_2025Q4,2025-10-01,N/A_Control,0,1,0
101436,Tech_Points_40_to_1_euro_2025Q4,2025-10-01,in_app,1,0,0
101438,Tech_Points_40_to_1_euro_2025Q4,2025-10-01,in_app,1,0,0
101439,Tech_Points_40_to_1_euro_2025Q4,2025-10-01,in_app,1,0,0
101440,Tech_Points_40_to_1_euro_2025Q4,2025-10-01,in_app,1,0,0
101443,Tech_Points_40_to_1_euro_2025Q4,2025-10-01,sms,1,0,1
101445,Tech_Points_40_to_1_euro_2025Q4,2025-10-01,sms,1,0,1
101446,Tech_Points_40_to_1_euro_2025Q4,2025-10-01,N/A_Control,0,1,0
101448,Tech_Points_40_to_1_euro_2025Q4,2025-10-01,in_app,1,0,0
101452,Tech_Points_40_to_1_euro_2025Q4,2025-10-01,email,1,0,0
101454,Tech_Points_40_to_1_euro_2025Q4,2025-10-01,sms,1,0,0
101455,Tech_Points_40_to_1_euro_2025Q4,2025-10-01,in_app,1,0,0
101457,Tech_Points_40_to_1_euro_2025Q4,2025-10-01,N/A_Control,0,1,0
101463,Tech_Points_40_to_1_euro_2025Q4,2025-10-01,N/A_Control,0,1,0
101464,Tech_Points_40_to_1_euro_2025Q4,2025-10-01,sms,1,0,0
101465,Tech_Points_40_to_1_euro_2025Q4,2025-10-01,sms,1,0,0
101471,Tech_Points_40_to_1_euro_2025Q4,2025-10-01,sms,1,0,0
101473,Tech_Points_40_to_1_euro_2025Q4,2025-10-01,N/A_Control,0,1,0
101476,Tech_Points_40_to_1_euro_2025Q4,2025-10-01,email,1,0,0
101479,Tech_Points_40_to_1_euro_2025Q4,2025-10-01,in_app,1,0,0
101482,Tech_Points_40_to_1_euro_2025Q4,2025-10-01,email,1,0,0
101483,Tech_Points_40_to_1_euro_2025Q4,2025-10-01,email,1,0,0
101484,Tech_Points_40_to_1_euro_2025Q4,2025-10-01,in_app,1,0,0
101487,Tech_Points_40_to_1_euro_2025Q4,2025-10-01,email,1,0,0
101492,Tech_Points_40_to_1_euro_2025Q4,2025-10-01,sms,1,0,0
101499,Tech_Points_40_to_1_euro_2025Q4,2025-10-01,email,1,0,1
101504,Tech_Points_40_to_1_euro_2025Q4,2025-10-01,in_app,1,0,0
101510,Tech_Points_40_to_1_euro_2025Q4,2025-10-01,sms,1,0,0
101511,Tech_Points_40_to_1_euro_2025Q4,2025-10-01,N/A_Control,0,1,0
101516,Tech_Points_40_to_1_euro_2025Q4,2025-10-01,email,1,0,0
101521,Tech_Points_40_to_1_euro_2025Q4,2025-10-01,sms,1,0,0
101524,Tech_Points_40_to_1_euro_2025Q4,2025-10-01,email,1,0,0
101526,Tech_Points_40_to_1_euro_2025Q4,2025-10-01,N/A_Control,0,1,0
101528,Tech_Points_40_to_1_euro_2025Q4,2025-10-01,email,1,0,0
101531,Tech_Points_40_to_1_euro_2025Q4,2025-10-01,N/A_Control,0,1,0
101538,Tech_Points_40_to_1_euro_2025Q4,2025-10-01,N/A_Control,0,1,0
101540,Tech_Points_40_to_1_euro_2025Q4,2025-10-01,in_app,1,0,0
101542,Tech_Points_40_to_1_euro_2025Q4,2025-10-01,N/A_Control,0,1,0
101548,Tech_Points_40_to_1_euro_2025Q4,2025-10-01,N/A_Control,0,1,0
101550,Tech_Points_40_to_1_euro_2025Q4,2025-10-01,sms,1,0,1
101554,Tech_Points_40_to_1_euro_2025Q4,2025-10-01,in_app,1,0,0
101557,Tech_Points_40_to_1_euro_2025Q4,2025-10-01,sms,1,0,1
101558,Tech_Points_40_to_1_euro_2025Q4,2025-10-01,sms,1,0,0
101564,Tech_Points_40_to_1_euro_2025Q4,2025-10-01,N/A_Control,0,1,0
101570,Tech_Points_40_to_1_euro_2025Q4,2025-10-01,N/A_Control,0,0,0
101582,Tech_Points_40_to_1_euro_2025Q4,2025-10-01,email,1,0,0
101585,Tech_Points_40_to_1_euro_2025Q4,2025-10-01,email,1,0,0
101589,Tech_Points_40_to_1_euro_2025Q4,2025-10-01,email,1,0,0
101592,Tech_Points_40_to_1_euro_2025Q4,2025-10-01,N/A_Control,0,0,0
101597,Tech_Points_40_to_1_euro_2025Q4,2025-10-01,in_app,1,0,0
101599,Tech_Points_40_to_1_euro_2025Q4,2025-10-01,in_app,1,0,0
101600,Tech_Points_40_to_1_euro_2025Q4,2025-10-01,N/A_Control,0,1,0
101603,Tech_Points_40_to_1_euro_2025Q4,2025-10-01,in_app,1,0,0
101607,Tech_Points_40_to_1_euro_2025Q4,2025-10-01,in_app,1,0,1
101610,Tech_Points_40_to_1_euro_2025Q4,2025-10-01,N/A_Control,0,1,0
101611,Tech_Points_40_to_1_euro_2025Q4,2025-10-01,N/A_Control,0,1,0
101613,Tech_Points_40_to_1_euro_2025Q4,2025-10-01,email,1,0,0
101614,Tech_Points_40_to_1_euro_2025Q4,2025-10-01,N/A_Control,0,1,0
101616,Tech_Points_40_to_1_euro_2025Q4,2025-10-01,sms,1,0,0
101617,Tech_Points_40_to_1_euro_2025Q4,2025-10-01,in_app,1,0,0
101618,Tech_Points_40_to_1_euro_2025Q4,2025-10-01,in_app,1,0,0
101621,Tech_Points_40_to_1_euro_2025Q4,2025-10-01,email,1,0,0
101638,Tech_Points_40_to_1_euro_2025Q4,2025-10-01,in_app,1,0,0
101644,Tech_Points_40_to_1_euro_2025Q4,2025-10-01,sms,1,0,0
101645,Tech_Points_40_to_1_euro_2025Q4,2025-10-01,N/A_Control,0,0,0
101646,Tech_Points_40_to_1_euro_2025Q4,2025-10-01,N/A_Control,0,1,0
101648,Tech_Points_40_to_1_euro_2025Q4,2025-10-01,email,1,0,0
101650,Tech_Points_40_to_1_euro_2025Q4,2025-10-01,in_app,1,0,0
101658,Tech_Points_40_to_1_euro_2025Q4,2025-10-01,sms,1,0,0
101671,Tech_Points_40_to_1_euro_2025Q4,2025-10-01,N/A_Control,0,1,0
101672,Tech_Points_40_to_1_euro_2025Q4,2025-10-01,sms,1,0,0
101674,Tech_Points_40_to_1_euro_2025Q4,2025-10-01,in_app,1,0,0
101676,Tech_Points_40_to_1_euro_2025Q4,2025-10-01,in_app,1,0,0
101678,Tech_Points_40_to_1_euro_2025Q4,2025-10-01,in_app,1,0,0
101681,Tech_Points_40_to_1_euro_2025Q4,2025-10-01,in_app,1,0,1
101687,Tech_Points_40_to_1_euro_2025Q4,2025-10-01,email,1,0,0
101693,Tech_Points_40_to_1_euro_2025Q4,2025-10-01,in_app,1,0,0
101695,Tech_Points_40_to_1_euro_2025Q4,2025-10-01,email,1,0,0
101700,Tech_Points_40_to_1_euro_2025Q4,2025-10-01,sms,1,0,0
101702,Tech_Points_40_to_1_euro_2025Q4,2025-10-01,email,1,0,0
101704,Tech_Points_40_to_1_euro_2025Q4,2025-10-01,email,1,0,0
101705,Tech_Points_40_to_1_euro_2025Q4,2025-10-01,email,1,0,1
101709,Tech_Points_40_to_1_euro_2025Q4,2025-10-01,email,1,0,0
101713,Tech_Points_40_to_1_euro_2025Q4,2025-10-01,email,1,0,0
101717,Tech_Points_40_to_1_euro_2025Q4,2025-10-01,N/A_Control,0,0,0
101719,Tech_Points_40_to_1_euro_2025Q4,2025-10-01,in_app,1,0,0
101721,Tech_Points_40_to_1_euro_2025Q4,2025-10-01,email,1,0,0
101725,Tech_Points_40_to_1_euro_2025Q4,2025-10-01,email,1,0,0
101737,Tech_Points_40_to_1_euro_2025Q4,2025-10-01,in_app,1,0,0
101739,Tech_Points_40_to_1_euro_2025Q4,2025-10-01,N/A_Control,0,1,0
101744,Tech_Points_40_to_1_euro_2025Q4,2025-10-01,sms,1,0,0
101748,Tech_Points_40_to_1_euro_2025Q4,2025-10-01,N/A_Control,0,0,0
101761,Tech_Points_40_to_1_euro_2025Q4,2025-10-01,sms,1,0,0
101764,Tech_Points_40_to_1_euro_2025Q4,2025-10-01,sms,1,0,0
101770,Tech_Points_40_to_1_euro_2025Q4,2025-10-01,email,1,0,0
101771,Tech_Points_40_to_1_euro_2025Q4,2025-10-01,in_app,1,0,0
101772,Tech_Points_40_to_1_euro_2025Q4,2025-10-01,email,1,0,0
101775,Tech_Points_40_to_1_euro_2025Q4,2025-10-01,N/A_Control,0,1,0
101779,Tech_Points_40_to_1_euro_2025Q4,2025-10-01,N/A_Control,0,0,0
101781,Tech_Points_40_to_1_euro_2025Q4,2025-10-01,sms,1,0,0
101785,Tech_Points_40_to_1_euro_2025Q4,2025-10-01,N/A_Control,0,1,0
101786,Tech_Points_40_to_1_euro_2025Q4,2025-10-01,email,1,0,0
101787,Tech_Points_40_to_1_euro_2025Q4,2025-10-01,sms,1,0,0
101788,Tech_Points_40_to_1_euro_2025Q4,2025-10-01,in_app,1,0,1
101797,Tech_Points_40_to_1_euro_2025Q4,2025-10-01,email,1,0,0
101798,Tech_Points_40_to_1_euro_2025Q4,2025-10-01,email,1,0,0
101799,Tech_Points_40_to_1_euro_2025Q4,2025-10-01,email,1,0,0
101800,Tech_Points_40_to_1_euro_2025Q4,2025-10-01,N/A_Control,0,0,0
101803,Tech_Points_40_to_1_euro_2025Q4,2025-10-01,sms,1,0,0
101807,Tech_Points_40_to_1_euro_2025Q4,2025-10-01,sms,1,0,0
101808,Tech_Points_40_to_1_euro_2025Q4,2025-10-01,N/A_Control,0,1,0
101811,Tech_Points_40_to_1_euro_2025Q4,2025-10-01,N/A_Control,0,1,0
101817,Tech_Points_40_to_1_euro_2025Q4,2025-10-01,sms,1,0,0
101820,Tech_Points_40_to_1_euro_2025Q4,2025-10-01,N/A_Control,0,1,0
101826,Tech_Points_40_to_1_euro_2025Q4,2025-10-01,in_app,1,0,0
101828,Tech_Points_40_to_1_euro_2025Q4,2025-10-01,email,1,0,1
101830,Tech_Points_40_to_1_euro_2025Q4,2025-10-01,N/A_Control,0,1,0
101832,Tech_Points_40_to_1_euro_2025Q4,2025-10-01,sms,1,0,0
101836,Tech_Points_40_to_1_euro_2025Q4,2025-10-01,sms,1,0,1
101838,Tech_Points_40_to_1_euro_2025Q4,2025-10-01,email,1,0,0
101842,Tech_Points_40_to_1_euro_2025Q4,2025-10-01,sms,1,0,0
101844,Tech_Points_40_to_1_euro_2025Q4,2025-10-01,email,1,0,0
101845,Tech_Points_40_to_1_euro_2025Q4,2025-10-01,N/A_Control,0,1,0
101848,Tech_Points_40_to_1_euro_2025Q4,2025-10-01,N/A_Control,0,1,0
101851,Tech_Points_40_to_1_euro_2025Q4,2025-10-01,email,1,0,0
101853,Tech_Points_40_to_1_euro_2025Q4,2025-10-01,in_app,1,0,0
101858,Tech_Points_40_to_1_euro_2025Q4,2025-10-01,in_app,1,0,0
101859,Tech_Points_40_to_1_euro_2025Q4,2025-10-01,in_app,1,0,0
101862,Tech_Points_40_to_1_euro_2025Q4,2025-10-01,sms,1,0,0
101863,Tech_Points_40_to_1_euro_2025Q4,2025-10-01,in_app,1,0,1
101865,Tech_Points_40_to_1_euro_2025Q4,2025-10-01,in_app,1,0,1
101873,Tech_Points_40_to_1_euro_2025Q4,2025-10-01,N/A_Control,0,1,0
101874,Tech_Points_40_to_1_euro_2025Q4,2025-10-01,N/A_Control,0,1,0
101875,Tech_Points_40_to_1_euro_2025Q4,2025-10-01,email,1,0,1
101882,Tech_Points_40_to_1_euro_2025Q4,2025-10-01,email,1,0,0
101884,Tech_Points_40_to_1_euro_2025Q4,2025-10-01,in_app,1,0,1
101885,Tech_Points_40_to_1_euro_2025Q4,2025-10-01,N/A_Control,0,0,0
101888,Tech_Points_40_to_1_euro_2025Q4,2025-10-01,sms,1,0,0
101889,Tech_Points_40_to_1_euro_2025Q4,2025-10-01,email,1,0,0
101891,Tech_Points_40_to_1_euro_2025Q4,2025-10-01,in_app,1,0,0
101894,Tech_Points_40_to_1_euro_2025Q4,2025-10-01,in_app,1,0,1
101897,Tech_Points_40_to_1_euro_2025Q4,2025-10-01,N/A_Control,0,1,0
101898,Tech_Points_40_to_1_euro_2025Q4,2025-10-01,email,1,0,1
101906,Tech_Points_40_to_1_euro_2025Q4,2025-10-01,email,1,0,0
101907,Tech_Points_40_to_1_euro_2025Q4,2025-10-01,in_app,1,0,1
101911,Tech_Points_40_to_1_euro_2025Q4,2025-10-01,email,1,0,0
101912,Tech_Points_40_to_1_euro_2025Q4,2025-10-01,sms,1,0,0
101914,Tech_Points_40_to_1_euro_2025Q4,2025-10-01,sms,1,0,0
101917,Tech_Points_40_to_1_euro_2025Q4,2025-10-01,in_app,1,0,0
101922,Tech_Points_40_to_1_euro_2025Q4,2025-10-01,in_app,1,0,0
101923,Tech_Points_40_to_1_euro_2025Q4,2025-10-01,in_app,1,0,1
101925,Tech_Points_40_to_1_euro_2025Q4,2025-10-01,in_app,1,0,0
101926,Tech_Points_40_to_1_euro_2025Q4,2025-10-01,N/A_Control,0,1,0
101932,Tech_Points_40_to_1_euro_2025Q4,2025-10-01,N/A_Control,0,1,0
101934,Tech_Points_40_to_1_euro_2025Q4,2025-10-01,email,1,0,0
101935,Tech_Points_40_to_1_euro_2025Q4,2025-10-01,email,1,0,1
101937,Tech_Points_40_to_1_euro_2025Q4,2025-10-01,email,1,0,0
101941,Tech_Points_40_to_1_euro_2025Q4,2025-10-01,sms,1,0,0
101943,Tech_Points_40_to_1_euro_2025Q4,2025-10-01,sms,1,0,0
101956,Tech_Points_40_to_1_euro_2025Q4,2025-10-01,N/A_Control,0,1,0
101960,Tech_Points_40_to_1_euro_2025Q4,2025-10-01,N/A_Control,0,0,0
101962,Tech_Points_40_to_1_euro_2025Q4,2025-10-01,sms,1,0,1
101963,Tech_Points_40_to_1_euro_2025Q4,2025-10-01,email,1,0,0
101968,Tech_Points_40_to_1_euro_2025Q4,2025-10-01,sms,1,0,0
101976,Tech_Points_40_to_1_euro_2025Q4,2025-10-01,in_app,1,0,0
101980,Tech_Points_40_to_1_euro_2025Q4,2025-10-01,in_app,1,0,0
101984,Tech_Points_40_to_1_euro_2025Q4,2025-10-01,in_app,1,0,0
101989,Tech_Points_40_to_1_euro_2025Q4,2025-10-01,in_app,1,0,0
101995,Tech_Points_40_to_1_euro_2025Q4,2025-10-01,N/A_Control,0,1,0
101996,Tech_Points_40_to_1_euro_2025Q4,2025-10-01,sms,1,0,0
101997,Tech_Points_40_to_1_euro_2025Q4,2025-10-01,in_app,1,0,0
101998,Tech_Points_40_to_1_euro_2025Q4,2025-10-01,email,1,0,0
101999,Tech_Points_40_to_1_euro_2025Q4,2025-10-01,N/A_Control,0,1,0
102000,Tech_Points_40_to_1_euro_2025Q4,2025-10-01,email,1,0,0
102002,Tech_Points_40_to_1_euro_2025Q4,2025-10-01,N/A_Control,0,1,0
102003,Tech_Points_40_to_1_euro_2025Q4,2025-10-01,in_app,1,0,0
102004,Tech_Points_40_to_1_euro_2025Q4,2025-10-01,email,1,0,0
102006,Tech_Points_40_to_1_euro_2025Q4,2025-10-01,email,1,0,0
102007,Tech_Points_40_to_1_euro_2025Q4,2025-10-01,in_app,1,0,1
102010,Tech_Points_40_to_1_euro_2025Q4,2025-10-01,email,1,0,0
102014,Tech_Points_40_to_1_euro_2025Q4,2025-10-01,N/A_Control,0,1,0
102018,Tech_Points_40_to_1_euro_2025Q4,2025-10-01,N/A_Control,0,1,0
102021,Tech_Points_40_to_1_euro_2025Q4,2025-10-01,sms,1,0,1
102023,Tech_Points_40_to_1_euro_2025Q4,2025-10-01,N/A_Control,0,1,0
102028,Tech_Points_40_to_1_euro_2025Q4,2025-10-01,N/A_Control,0,1,0
102032,Tech_Points_40_to_1_euro_2025Q4,2025-10-01,email,1,0,1
102033,Tech_Points_40_to_1_euro_2025Q4,2025-10-01,sms,1,0,0
102038,Tech_Points_40_to_1_euro_2025Q4,2025-10-01,N/A_Control,0,1,0
102041,Tech_Points_40_to_1_euro_2025Q4,2025-10-01,email,1,0,1
102042,Tech_Points_40_to_1_euro_2025Q4,2025-10-01,N/A_Control,0,1,0
102045,Tech_Points_40_to_1_euro_2025Q4,2025-10-01,in_app,1,0,0
102049,Tech_Points_40_to_1_euro_2025Q4,2025-10-01,N/A_Control,0,1,0
102062,Tech_Points_40_to_1_euro_2025Q4,2025-10-01,email,1,0,0
102064,Tech_Points_40_to_1_euro_2025Q4,2025-10-01,sms,1,0,0
102065,Tech_Points_40_to_1_euro_2025Q4,2025-10-01,email,1,0,0
102066,Tech_Points_40_to_1_euro_2025Q4,2025-10-01,sms,1,0,0
102068,Tech_Points_40_to_1_euro_2025Q4,2025-10-01,in_app,1,0,0
102070,Tech_Points_40_to_1_euro_2025Q4,2025-10-01,email,1,0,0
102076,Tech_Points_40_to_1_euro_2025Q4,2025-10-01,in_app,1,0,1
102077,Tech_Points_40_to_1_euro_2025Q4,2025-10-01,N/A_Control,0,1,0
102085,Tech_Points_40_to_1_euro_2025Q4,2025-10-01,in_app,1,0,0
102089,Tech_Points_40_to_1_euro_2025Q4,2025-10-01,in_app,1,0,1
102090,Tech_Points_40_to_1_euro_2025Q4,2025-10-01,N/A_Control,0,1,0
102092,Tech_Points_40_to_1_euro_2025Q4,2025-10-01,sms,1,0,0
102093,Tech_Points_40_to_1_euro_2025Q4,2025-10-01,N/A_Control,0,1,0
102096,Tech_Points_40_to_1_euro_2025Q4,2025-10-01,N/A_Control,0,1,0
102104,Tech_Points_40_to_1_euro_2025Q4,2025-10-01,sms,1,0,0
102106,Tech_Points_40_to_1_euro_2025Q4,2025-10-01,email,1,0,0
102109,Tech_Points_40_to_1_euro_2025Q4,2025-10-01,N/A_Control,0,1,0
102110,Tech_Points_40_to_1_euro_2025Q4,2025-10-01,sms,1,0,0
102113,Tech_Points_40_to_1_euro_2025Q4,2025-10-01,in_app,1,0,0
102117,Tech_Points_40_to_1_euro_2025Q4,2025-10-01,in_app,1,0,1
102120,Tech_Points_40_to_1_euro_2025Q4,2025-10-01,sms,1,0,0
102124,Tech_Points_40_to_1_euro_2025Q4,2025-10-01,in_app,1,0,1
102125,Tech_Points_40_to_1_euro_2025Q4,2025-10-01,sms,1,0,0
102131,Tech_Points_40_to_1_euro_2025Q4,2025-10-01,N/A_Control,0,1,0
102133,Tech_Points_40_to_1_euro_2025Q4,2025-10-01,N/A_Control,0,1,0
102134,Tech_Points_40_to_1_euro_2025Q4,2025-10-01,email,1,0,0
102136,Tech_Points_40_to_1_euro_2025Q4,2025-10-01,in_app,1,0,0
102138,Tech_Points_40_to_1_euro_2025Q4,2025-10-01,N/A_Control,0,1,0
102144,Tech_Points_40_to_1_euro_2025Q4,2025-10-01,email,1,0,0
102148,Tech_Points_40_to_1_euro_2025Q4,2025-10-01,in_app,1,0,0
102152,Tech_Points_40_to_1_euro_2025Q4,2025-10-01,in_app,1,0,0
102154,Tech_Points_40_to_1_euro_2025Q4,2025-10-01,N/A_Control,0,1,0
102155,Tech_Points_40_to_1_euro_2025Q4,2025-10-01,email,1,0,0
102161,Tech_Points_40_to_1_euro_2025Q4,2025-10-01,in_app,1,0,0
102167,Tech_Points_40_to_1_euro_2025Q4,2025-10-01,sms,1,0,1
102170,Tech_Points_40_to_1_euro_2025Q4,2025-10-01,sms,1,0,0
102174,Tech_Points_40_to_1_euro_2025Q4,2025-10-01,in_app,1,0,0
102176,Tech_Points_40_to_1_euro_2025Q4,2025-10-01,email,1,0,1
102178,Tech_Points_40_to_1_euro_2025Q4,2025-10-01,email,1,0,0
102182,Tech_Points_40_to_1_euro_2025Q4,2025-10-01,N/A_Control,0,1,0
102185,Tech_Points_40_to_1_euro_2025Q4,2025-10-01,in_app,1,0,0
102186,Tech_Points_40_to_1_euro_2025Q4,2025-10-01,in_app,1,0,0
102187,Tech_Points_40_to_1_euro_2025Q4,2025-10-01,in_app,1,0,1
102191,Tech_Points_40_to_1_euro_2025Q4,2025-10-01,N/A_Control,0,1,0
102192,Tech_Points_40_to_1_euro_2025Q4,2025-10-01,in_app,1,0,0
102194,Tech_Points_40_to_1_euro_2025Q4,2025-10-01,email,1,0,0
102197,Tech_Points_40_to_1_euro_2025Q4,2025-10-01,sms,1,0,0
102198,Tech_Points_40_to_1_euro_2025Q4,2025-10-01,in_app,1,0,0
102199,Tech_Points_40_to_1_euro_2025Q4,2025-10-01,N/A_Control,0,1,0
102202,Tech_Points_40_to_1_euro_2025Q4,2025-10-01,in_app,1,0,0
102215,Tech_Points_40_to_1_euro_2025Q4,2025-10-01,email,1,0,0
102220,Tech_Points_40_to_1_euro_2025Q4,2025-10-01,email,1,0,0
102221,Tech_Points_40_to_1_euro_2025Q4,2025-10-01,in_app,1,0,0
102222,Tech_Points_40_to_1_euro_2025Q4,2025-10-01,in_app,1,0,1
102229,Tech_Points_40_to_1_euro_2025Q4,2025-10-01,in_app,1,0,0
102235,Tech_Points_40_to_1_euro_2025Q4,2025-10-01,in_app,1,0,0
102237,Tech_Points_40_to_1_euro_2025Q4,2025-10-01,sms,1,0,0
102239,Tech_Points_40_to_1_euro_2025Q4,2025-10-01,N/A_Control,0,1,0
102241,Tech_Points_40_to_1_euro_2025Q4,2025-10-01,in_app,1,0,1
102246,Tech_Points_40_to_1_euro_2025Q4,2025-10-01,email,1,0,0
102250,Tech_Points_40_to_1_euro_2025Q4,2025-10-01,N/A_Control,0,1,0
102254,Tech_Points_40_to_1_euro_2025Q4,2025-10-01,in_app,1,0,1
102258,Tech_Points_40_to_1_euro_2025Q4,2025-10-01,N/A_Control,0,0,0
102260,Tech_Points_40_to_1_euro_2025Q4,2025-10-01,email,1,0,0
102261,Tech_Points_40_to_1_euro_2025Q4,2025-10-01,in_app,1,0,0
102269,Tech_Points_40_to_1_euro_2025Q4,2025-10-01,email,1,0,0
102271,Tech_Points_40_to_1_euro_2025Q4,2025-10-01,in_app,1,0,0
102272,Tech_Points_40_to_1_euro_2025Q4,2025-10-01,in_app,1,0,0
102274,Tech_Points_40_to_1_euro_2025Q4,2025-10-01,email,1,0,0
102281,Tech_Points_40_to_1_euro_2025Q4,2025-10-01,in_app,1,0,0
102282,Tech_Points_40_to_1_euro_2025Q4,2025-10-01,in_app,1,0,0
102287,Tech_Points_40_to_1_euro_2025Q4,2025-10-01,sms,1,0,0
102290,Tech_Points_40_to_1_euro_2025Q4,2025-10-01,sms,1,0,0
102293,Tech_Points_40_to_1_euro_2025Q4,2025-10-01,N/A_Control,0,0,0
102294,Tech_Points_40_to_1_euro_2025Q4,2025-10-01,email,1,0,0
102298,Tech_Points_40_to_1_euro_2025Q4,2025-10-01,email,1,0,0
102299,Tech_Points_40_to_1_euro_2025Q4,2025-10-01,email,1,0,1
102300,Tech_Points_40_to_1_euro_2025Q4,2025-10-01,N/A_Control,0,1,0
102301,Tech_Points_40_to_1_euro_2025Q4,2025-10-01,in_app,1,0,0
102302,Tech_Points_40_to_1_euro_2025Q4,2025-10-01,in_app,1,0,1
102306,Tech_Points_40_to_1_euro_2025Q4,2025-10-01,N/A_Control,0,1,0
102312,Tech_Points_40_to_1_euro_2025Q4,2025-10-01,N/A_Control,0,1,0
102320,Tech_Points_40_to_1_euro_2025Q4,2025-10-01,N/A_Control,0,1,0
102321,Tech_Points_40_to_1_euro_2025Q4,2025-10-01,in_app,1,0,0
102324,Tech_Points_40_to_1_euro_2025Q4,2025-10-01,N/A_Control,0,1,0
102334,Tech_Points_40_to_1_euro_2025Q4,2025-10-01,email,1,0,1
102336,Tech_Points_40_to_1_euro_2025Q4,2025-10-01,N/A_Control,0,1,0
102339,Tech_Points_40_to_1_euro_2025Q4,2025-10-01,in_app,1,0,1
102341,Tech_Points_40_to_1_euro_2025Q4,2025-10-01,N/A_Control,0,1,0
102348,Tech_Points_40_to_1_euro_2025Q4,2025-10-01,sms,1,0,0
102349,Tech_Points_40_to_1_euro_2025Q4,2025-10-01,N/A_Control,0,1,0
102350,Tech_Points_40_to_1_euro_2025Q4,2025-10-01,N/A_Control,0,1,0
102354,Tech_Points_40_to_1_euro_2025Q4,2025-10-01,email,1,0,0
102357,Tech_Points_40_to_1_euro_2025Q4,2025-10-01,email,1,0,0
102364,Tech_Points_40_to_1_euro_2025Q4,2025-10-01,N/A_Control,0,0,0
102366,Tech_Points_40_to_1_euro_2025Q4,2025-10-01,in_app,1,0,0
102367,Tech_Points_40_to_1_euro_2025Q4,2025-10-01,sms,1,0,0
102369,Tech_Points_40_to_1_euro_2025Q4,2025-10-01,sms,1,0,0
102371,Tech_Points_40_to_1_euro_2025Q4,2025-10-01,N/A_Control,0,1,0
102374,Tech_Points_40_to_1_euro_2025Q4,2025-10-01,in_app,1,0,0
102380,Tech_Points_40_to_1_euro_2025Q4,2025-10-01,in_app,1,0,1
102382,Tech_Points_40_to_1_euro_2025Q4,2025-10-01,email,1,0,1
102383,Tech_Points_40_to_1_euro_2025Q4,2025-10-01,email,1,0,0
102385,Tech_Points_40_to_1_euro_2025Q4,2025-10-01,in_app,1,0,0
102389,Tech_Points_40_to_1_euro_2025Q4,2025-10-01,in_app,1,0,0
102391,Tech_Points_40_to_1_euro_2025Q4,2025-10-01,in_app,1,0,1
102395,Tech_Points_40_to_1_euro_2025Q4,2025-10-01,in_app,1,0,0
102400,Tech_Points_40_to_1_euro_2025Q4,2025-10-01,sms,1,0,0
102405,Tech_Points_40_to_1_euro_2025Q4,2025-10-01,sms,1,0,0
102408,Tech_Points_40_to_1_euro_2025Q4,2025-10-01,N/A_Control,0,1,0
102409,Tech_Points_40_to_1_euro_2025Q4,2025-10-01,N/A_Control,0,1,0
102412,Tech_Points_40_to_1_euro_2025Q4,2025-10-01,sms,1,0,1
102416,Tech_Points_40_to_1_euro_2025Q4,2025-10-01,email,1,0,0
102420,Tech_Points_40_to_1_euro_2025Q4,2025-10-01,sms,1,0,0
102421,Tech_Points_40_to_1_euro_2025Q4,2025-10-01,N/A_Control,0,1,0
102423,Tech_Points_40_to_1_euro_2025Q4,2025-10-01,in_app,1,0,0
102425,Tech_Points_40_to_1_euro_2025Q4,2025-10-01,email,1,0,0
102428,Tech_Points_40_to_1_euro_2025Q4,2025-10-01,sms,1,0,0
102432,Tech_Points_40_to_1_euro_2025Q4,2025-10-01,N/A_Control,0,1,0
102434,Tech_Points_40_to_1_euro_2025Q4,2025-10-01,email,1,0,0
102439,Tech_Points_40_to_1_euro_2025Q4,2025-10-01,sms,1,0,1
102440,Tech_Points_40_to_1_euro_2025Q4,2025-10-01,in_app,1,0,0
102443,Tech_Points_40_to_1_euro_2025Q4,2025-10-01,sms,1,0,0
102445,Tech_Points_40_to_1_euro_2025Q4,2025-10-01,in_app,1,0,0
102456,Tech_Points_40_to_1_euro_2025Q4,2025-10-01,in_app,1,0,0
102458,Tech_Points_40_to_1_euro_2025Q4,2025-10-01,N/A_Control,0,1,0
102461,Tech_Points_40_to_1_euro_2025Q4,2025-10-01,email,1,0,0
102470,Tech_Points_40_to_1_euro_2025Q4,2025-10-01,in_app,1,0,0
102475,Tech_Points_40_to_1_euro_2025Q4,2025-10-01,N/A_Control,0,0,0
102476,Tech_Points_40_to_1_euro_2025Q4,2025-10-01,N/A_Control,0,1,0
102478,Tech_Points_40_to_1_euro_2025Q4,2025-10-01,N/A_Control,0,1,0
102483,Tech_Points_40_to_1_euro_2025Q4,2025-10-01,sms,1,0,0
102484,Tech_Points_40_to_1_euro_2025Q4,2025-10-01,N/A_Control,0,1,0
102485,Tech_Points_40_to_1_euro_2025Q4,2025-10-01,N/A_Control,0,1,0
102486,Tech_Points_40_to_1_euro_2025Q4,2025-10-01,in_app,1,0,0
102490,Tech_Points_40_to_1_euro_2025Q4,2025-10-01,in_app,1,0,1
102491,Tech_Points_40_to_1_euro_2025Q4,2025-10-01,email,1,0,0
102495,Tech_Points_40_to_1_euro_2025Q4,2025-10-01,email,1,0,0
102497,Tech_Points_40_to_1_euro_2025Q4,2025-10-01,in_app,1,0,0
102500,Tech_Points_40_to_1_euro_2025Q4,2025-10-01,sms,1,0,0
102502,Tech_Points_40_to_1_euro_2025Q4,2025-10-01,N/A_Control,0,1,0
102503,Tech_Points_40_to_1_euro_2025Q4,2025-10-01,N/A_Control,0,1,0
102510,Tech_Points_40_to_1_euro_2025Q4,2025-10-01,N/A_Control,0,1,0
102511,Tech_Points_40_to_1_euro_2025Q4,2025-10-01,sms,1,0,0
102512,Tech_Points_40_to_1_euro_2025Q4,2025-10-01,sms,1,0,0
102514,Tech_Points_40_to_1_euro_2025Q4,2025-10-01,in_app,1,0,0
102516,Tech_Points_40_to_1_euro_2025Q4,2025-10-01,N/A_Control,0,1,0
102517,Tech_Points_40_to_1_euro_2025Q4,2025-10-01,sms,1,0,0
102520,Tech_Points_40_to_1_euro_2025Q4,2025-10-01,email,1,0,0
102528,Tech_Points_40_to_1_euro_2025Q4,2025-10-01,sms,1,0,0
102532,Tech_Points_40_to_1_euro_2025Q4,2025-10-01,N/A_Control,0,0,0
102535,Tech_Points_40_to_1_euro_2025Q4,2025-10-01,in_app,1,0,0
102537,Tech_Points_40_to_1_euro_2025Q4,2025-10-01,email,1,0,0
102538,Tech_Points_40_to_1_euro_2025Q4,2025-10-01,email,1,0,0
102543,Tech_Points_40_to_1_euro_2025Q4,2025-10-01,sms,1,0,0
102545,Tech_Points_40_to_1_euro_2025Q4,2025-10-01,in_app,1,0,0
102549,Tech_Points_40_to_1_euro_2025Q4,2025-10-01,in_app,1,0,0
102550,Tech_Points_40_to_1_euro_2025Q4,2025-10-01,email,1,0,0
102552,Tech_Points_40_to_1_euro_2025Q4,2025-10-01,sms,1,0,0
102561,Tech_Points_40_to_1_euro_2025Q4,2025-10-01,sms,1,0,0
102572,Tech_Points_40_to_1_euro_2025Q4,2025-10-01,in_app,1,0,0
102576,Tech_Points_40_to_1_euro_2025Q4,2025-10-01,in_app,1,0,0
102580,Tech_Points_40_to_1_euro_2025Q4,2025-10-01,email,1,0,1
102581,Tech_Points_40_to_1_euro_2025Q4,2025-10-01,N/A_Control,0,1,0
102582,Tech_Points_40_to_1_euro_2025Q4,2025-10-01,in_app,1,0,0
102584,Tech_Points_40_to_1_euro_2025Q4,2025-10-01,email,1,0,0
102595,Tech_Points_40_to_1_euro_2025Q4,2025-10-01,N/A_Control,0,1,0
102596,Tech_Points_40_to_1_euro_2025Q4,2025-10-01,in_app,1,0,0
102597,Tech_Points_40_to_1_euro_2025Q4,2025-10-01,in_app,1,0,0
102599,Tech_Points_40_to_1_euro_2025Q4,2025-10-01,N/A_Control,0,1,0
102600,Tech_Points_40_to_1_euro_2025Q4,2025-10-01,sms,1,0,0
102604,Tech_Points_40_to_1_euro_2025Q4,2025-10-01,N/A_Control,0,1,0
102610,Tech_Points_40_to_1_euro_2025Q4,2025-10-01,email,1,0,0
102615,Tech_Points_40_to_1_euro_2025Q4,2025-10-01,N/A_Control,0,1,0
102617,Tech_Points_40_to_1_euro_2025Q4,2025-10-01,in_app,1,0,0
102618,Tech_Points_40_to_1_euro_2025Q4,2025-10-01,sms,1,0,0
102623,Tech_Points_40_to_1_euro_2025Q4,2025-10-01,email,1,0,0
102625,Tech_Points_40_to_1_euro_2025Q4,2025-10-01,email,1,0,0
102629,Tech_Points_40_to_1_euro_2025Q4,2025-10-01,N/A_Control,0,1,0
102631,Tech_Points_40_to_1_euro_2025Q4,2025-10-01,email,1,0,0
102641,Tech_Points_40_to_1_euro_2025Q4,2025-10-01,email,1,0,0
102646,Tech_Points_40_to_1_euro_2025Q4,2025-10-01,email,1,0,0
102648,Tech_Points_40_to_1_euro_2025Q4,2025-10-01,email,1,0,1
102649,Tech_Points_40_to_1_euro_2025Q4,2025-10-01,email,1,0,0
102651,Tech_Points_40_to_1_euro_2025Q4,2025-10-01,sms,1,0,1
102655,Tech_Points_40_to_1_euro_2025Q4,2025-10-01,in_app,1,0,0
102660,Tech_Points_40_to_1_euro_2025Q4,2025-10-01,email,1,0,0
102663,Tech_Points_40_to_1_euro_2025Q4,2025-10-01,in_app,1,0,1
102665,Tech_Points_40_to_1_euro_2025Q4,2025-10-01,sms,1,0,0
102666,Tech_Points_40_to_1_euro_2025Q4,2025-10-01,email,1,0,0
102667,Tech_Points_40_to_1_euro_2025Q4,2025-10-01,email,1,0,0
102668,Tech_Points_40_to_1_euro_2025Q4,2025-10-01,N/A_Control,0,1,0
102669,Tech_Points_40_to_1_euro_2025Q4,2025-10-01,email,1,0,0
102671,Tech_Points_40_to_1_euro_2025Q4,2025-10-01,sms,1,0,0
102672,Tech_Points_40_to_1_euro_2025Q4,2025-10-01,N/A_Control,0,1,0
102676,Tech_Points_40_to_1_euro_2025Q4,2025-10-01,sms,1,0,0
102679,Tech_Points_40_to_1_euro_2025Q4,2025-10-01,in_app,1,0,0
102682,Tech_Points_40_to_1_euro_2025Q4,2025-10-01,email,1,0,0
102684,Tech_Points_40_to_1_euro_2025Q4,2025-10-01,sms,1,0,0
102688,Tech_Points_40_to_1_euro_2025Q4,2025-10-01,N/A_Control,0,1,0
102690,Tech_Points_40_to_1_euro_2025Q4,2025-10-01,in_app,1,0,0
102691,Tech_Points_40_to_1_euro_2025Q4,2025-10-01,N/A_Control,0,0,0
102693,Tech_Points_40_to_1_euro_2025Q4,2025-10-01,in_app,1,0,0
102695,Tech_Points_40_to_1_euro_2025Q4,2025-10-01,email,1,0,0
102700,Tech_Points_40_to_1_euro_2025Q4,2025-10-01,in_app,1,0,0
102704,Tech_Points_40_to_1_euro_2025Q4,2025-10-01,in_app,1,0,1
102705,Tech_Points_40_to_1_euro_2025Q4,2025-10-01,N/A_Control,0,1,0
102708,Tech_Points_40_to_1_euro_2025Q4,2025-10-01,email,1,0,0
102709,Tech_Points_40_to_1_euro_2025Q4,2025-10-01,email,1,0,0
102710,Tech_Points_40_to_1_euro_2025Q4,2025-10-01,N/A_Control,0,1,0
102712,Tech_Points_40_to_1_euro_2025Q4,2025-10-01,N/A_Control,0,1,0
102713,Tech_Points_40_to_1_euro_2025Q4,2025-10-01,email,1,0,0
102722,Tech_Points_40_to_1_euro_2025Q4,2025-10-01,N/A_Control,0,1,0
102726,Tech_Points_40_to_1_euro_2025Q4,2025-10-01,sms,1,0,0
102729,Tech_Points_40_to_1_euro_2025Q4,2025-10-01,in_app,1,0,1
102730,Tech_Points_40_to_1_euro_2025Q4,2025-10-01,in_app,1,0,0
102733,Tech_Points_40_to_1_euro_2025Q4,2025-10-01,email,1,0,0
102737,Tech_Points_40_to_1_euro_2025Q4,2025-10-01,email,1,0,0
102744,Tech_Points_40_to_1_euro_2025Q4,2025-10-01,in_app,1,0,1
102745,Tech_Points_40_to_1_euro_2025Q4,2025-10-01,N/A_Control,0,1,0
102748,Tech_Points_40_to_1_euro_2025Q4,2025-10-01,in_app,1,0,0
102750,Tech_Points_40_to_1_euro_2025Q4,2025-10-01,sms,1,0,0
102751,Tech_Points_40_to_1_euro_2025Q4,2025-10-01,email,1,0,0
102756,Tech_Points_40_to_1_euro_2025Q4,2025-10-01,N/A_Control,0,0,0
102757,Tech_Points_40_to_1_euro_2025Q4,2025-10-01,sms,1,0,1
102758,Tech_Points_40_to_1_euro_2025Q4,2025-10-01,in_app,1,0,0
102761,Tech_Points_40_to_1_euro_2025Q4,2025-10-01,N/A_Control,0,0,0
102764,Tech_Points_40_to_1_euro_2025Q4,2025-10-01,sms,1,0,0
102768,Tech_Points_40_to_1_euro_2025Q4,2025-10-01,in_app,1,0,0
102774,Tech_Points_40_to_1_euro_2025Q4,2025-10-01,sms,1,0,0
102779,Tech_Points_40_to_1_euro_2025Q4,2025-10-01,sms,1,0,0
102785,Tech_Points_40_to_1_euro_2025Q4,2025-10-01,N/A_Control,0,1,0
102792,Tech_Points_40_to_1_euro_2025Q4,2025-10-01,in_app,1,0,0
102795,Tech_Points_40_to_1_euro_2025Q4,2025-10-01,in_app,1,0,0
102799,Tech_Points_40_to_1_euro_2025Q4,2025-10-01,email,1,0,0
102802,Tech_Points_40_to_1_euro_2025Q4,2025-10-01,sms,1,0,1
102803,Tech_Points_40_to_1_euro_2025Q4,2025-10-01,email,1,0,1
102809,Tech_Points_40_to_1_euro_2025Q4,2025-10-01,in_app,1,0,1
102810,Tech_Points_40_to_1_euro_2025Q4,2025-10-01,sms,1,0,0
102815,Tech_Points_40_to_1_euro_2025Q4,2025-10-01,N/A_Control,0,1,0
102822,Tech_Points_40_to_1_euro_2025Q4,2025-10-01,N/A_Control,0,1,0
102826,Tech_Points_40_to_1_euro_2025Q4,2025-10-01,in_app,1,0,0
102827,Tech_Points_40_to_1_euro_2025Q4,2025-10-01,in_app,1,0,0
102835,Tech_Points_40_to_1_euro_2025Q4,2025-10-01,in_app,1,0,0
102836,Tech_Points_40_to_1_euro_2025Q4,2025-10-01,N/A_Control,0,1,0
102837,Tech_Points_40_to_1_euro_2025Q4,2025-10-01,in_app,1,0,0
102842,Tech_Points_40_to_1_euro_2025Q4,2025-10-01,in_app,1,0,1
102845,Tech_Points_40_to_1_euro_2025Q4,2025-10-01,in_app,1,0,0
102852,Tech_Points_40_to_1_euro_2025Q4,2025-10-01,N/A_Control,0,1,0
102856,Tech_Points_40_to_1_euro_2025Q4,2025-10-01,in_app,1,0,0
102858,Tech_Points_40_to_1_euro_2025Q4,2025-10-01,email,1,0,0
102859,Tech_Points_40_to_1_euro_2025Q4,2025-10-01,in_app,1,0,0
102871,Tech_Points_40_to_1_euro_2025Q4,2025-10-01,sms,1,0,0
102875,Tech_Points_40_to_1_euro_2025Q4,2025-10-01,N/A_Control,0,1,0
102883,Tech_Points_40_to_1_euro_2025Q4,2025-10-01,email,1,0,0
102885,Tech_Points_40_to_1_euro_2025Q4,2025-10-01,email,1,0,0
102886,Tech_Points_40_to_1_euro_2025Q4,2025-10-01,in_app,1,0,0
102890,Tech_Points_40_to_1_euro_2025Q4,2025-10-01,N/A_Control,0,1,0
102891,Tech_Points_40_to_1_euro_2025Q4,2025-10-01,sms,1,0,0
102894,Tech_Points_40_to_1_euro_2025Q4,2025-10-01,email,1,0,0
102895,Tech_Points_40_to_1_euro_2025Q4,2025-10-01,email,1,0,0
102897,Tech_Points_40_to_1_euro_2025Q4,2025-10-01,email,1,0,0
102898,Tech_Points_40_to_1_euro_2025Q4,2025-10-01,N/A_Control,0,0,0
102900,Tech_Points_40_to_1_euro_2025Q4,2025-10-01,email,1,0,0
102903,Tech_Points_40_to_1_euro_2025Q4,2025-10-01,email,1,0,0
102904,Tech_Points_40_to_1_euro_2025Q4,2025-10-01,in_app,1,0,0
102910,Tech_Points_40_to_1_euro_2025Q4,2025-10-01,email,1,0,1
102912,Tech_Points_40_to_1_euro_2025Q4,2025-10-01,sms,1,0,1
102913,Tech_Points_40_to_1_euro_2025Q4,2025-10-01,email,1,0,0
102915,Tech_Points_40_to_1_euro_2025Q4,2025-10-01,in_app,1,0,0
102917,Tech_Points_40_to_1_euro_2025Q4,2025-10-01,N/A_Control,0,1,0
102921,Tech_Points_40_to_1_euro_2025Q4,2025-10-01,N/A_Control,0,1,0
102926,Tech_Points_40_to_1_euro_2025Q4,2025-10-01,email,1,0,0
102931,Tech_Points_40_to_1_euro_2025Q4,2025-10-01,N/A_Control,0,1,0
102936,Tech_Points_40_to_1_euro_2025Q4,2025-10-01,in_app,1,0,0
102943,Tech_Points_40_to_1_euro_2025Q4,2025-10-01,email,1,0,0
102945,Tech_Points_40_to_1_euro_2025Q4,2025-10-01,email,1,0,0
102948,Tech_Points_40_to_1_euro_2025Q4,2025-10-01,email,1,0,0
102950,Tech_Points_40_to_1_euro_2025Q4,2025-10-01,N/A_Control,0,1,0
102956,Tech_Points_40_to_1_euro_2025Q4,2025-10-01,sms,1,0,1
102957,Tech_Points_40_to_1_euro_2025Q4,2025-10-01,email,1,0,0
102960,Tech_Points_40_to_1_euro_2025Q4,2025-10-01,email,1,0,0
102963,Tech_Points_40_to_1_euro_2025Q4,2025-10-01,sms,1,0,1
102964,Tech_Points_40_to_1_euro_2025Q4,2025-10-01,N/A_Control,0,0,0
102969,Tech_Points_40_to_1_euro_2025Q4,2025-10-01,in_app,1,0,0
102970,Tech_Points_40_to_1_euro_2025Q4,2025-10-01,N/A_Control,0,1,0
102973,Tech_Points_40_to_1_euro_2025Q4,2025-10-01,N/A_Control,0,1,0
102980,Tech_Points_40_to_1_euro_2025Q4,2025-10-01,in_app,1,0,0
102990,Tech_Points_40_to_1_euro_2025Q4,2025-10-01,email,1,0,0
102994,Tech_Points_40_to_1_euro_2025Q4,2025-10-01,email,1,0,0
102995,Tech_Points_40_to_1_euro_2025Q4,2025-10-01,email,1,0,0
